mean_h,median_h,p90_h,p99_h,share_gt24h,lag1_autocorr,cross_station_corr,out_of_order_share,mean_aoi_h,pending_last_bin,model,regime,fold,seed,uav_share
6.001485138267925,4.0,15.0,30.0,0.02297565822155986,0.0017982040425499372,-0.00019208390466375248,0.393425655674926,3.2468594527363184,0.5976782752902156,geometric,"stationary, training part",A,11,
6.169713170262437,1.7999999523162842,17.399999618530273,53.900001525878906,0.06338487332339791,0.882680492354024,0.07427117923283036,0.017532964871970026,36.707680348258705,0.3944755389718077,network,"nominal, training part",A,11,0.11140089418777943
12.898217503756293,3.4000000953674316,36.400001525878906,127.9000015258789,0.1472874234144726,0.9264266979551138,0.08033676854318049,0.012694321968991285,103.84589552238806,0.4742330016583748,network,"level 2, training part",A,11,0.1433908759728432
23.451002254173517,4.597088813781738,62.5,283.29998779296875,0.21737353038582546,0.9523496018271121,0.06127075926660018,0.008637106957295741,360.8556592039801,0.520299543946932,network,"level 4, training part",A,11,0.16285291438979962
24.07338843599034,16.0,56.0,117.0,0.35539326690821255,-0.004814025132831189,-0.0013423445383521021,0.4675349188372971,6.239470108695652,0.8663949275362319,geometric,"shifted, test interval",A,11,
15.171223172213566,5.597088813781738,44.599998474121094,116.80900291442836,0.20150211352657005,0.9197535678233205,0.31661806654642866,0.01878067195167988,12.81748188405797,0.5612922705314011,network,"degraded, test interval",A,11,0.1487205615942029
6.019503435999337,4.0,15.0,30.0,0.022691049842689187,0.0029787478763437666,0.0004895619725525538,0.395066136744706,3.2462375621890547,0.601181592039801,geometric,"stationary, training part",A,23,
6.246054264042138,1.7999999523162842,16.600000381469727,60.29999923706055,0.05656462162609704,0.8843666580692225,0.06859225392471557,0.017962491461218408,5.64570895522388,0.39359452736318407,network,"nominal, training part",A,23,0.11786409173704256
13.369940850419834,3.5970890522003174,37.0,143.89999389648438,0.15103907931776783,0.9305129739200901,0.06739435426260074,0.012751247179614565,11.42217039800995,0.48347844112769484,network,"level 2, training part",A,23,0.14642324888226527
21.85978397639259,4.900000095367432,66.4000015258789,218.45299713134753,0.23266476237787714,0.9562815300784423,0.06496190239107319,0.009423709867726511,18.05273631840796,0.5288142620232171,network,"level 4, training part",A,23,0.1583250538168571
24.013549214975846,16.0,56.0,115.0,0.3554121376811594,-0.0018840744209833976,-0.004430104969333479,0.47097017742544356,6.289288949275362,0.870282306763285,geometric,"shifted, test interval",A,23,
32.62690588975677,8.0,113.17999725341826,268.4179949951165,0.2933839070048309,0.9217654406746765,0.19727670101484912,0.018233295583238957,24.604732789855074,0.6262454710144928,network,"degraded, test interval",A,23,0.15040006038647344
6.02158883921179,4.0,14.0,30.0,0.023037754595131646,-0.001189411597788537,-0.0005456159077384229,0.3950920118404438,3.25273631840796,0.5998497097844113,geometric,"stationary, training part",A,37,
6.064919767590899,1.7999999523162842,17.100000381469727,50.29999923706055,0.06055431362808412,0.8916656336406515,0.07501736706415639,0.016968887784884805,5.55205223880597,0.39337168325041455,network,"nominal, training part",A,37,0.11587183308494783
12.0579425381873,3.200000047683716,34.599998474121094,119.35300224304187,0.13892511177347244,0.931865016980476,0.054103365182469,0.011954294230888654,41.40827114427861,0.4697294776119403,network,"level 2, training part",A,37,0.14437924325219406
25.71559110273037,4.800000190734863,75.80000305175781,298.1060064697263,0.23334782248716676,0.9560936035309687,0.05361429461901738,0.009283984350742097,269.3547885572139,0.5270263266998342,network,"level 4, training part",A,37,0.15491492796820666
23.742112016908212,16.0,55.0,112.08999999999651,0.3550347222222222,-0.0013535257639084419,-0.0007569858840723214,0.46883729709324273,6.2306385869565215,0.8655457427536232,geometric,"shifted, test interval",A,37,
24.3644001790202,6.597088813781738,73.5999984741211,264.6000061035156,0.23775286835748793,0.9401782887590958,0.4336716600325523,0.017421668554171387,21.018342391304348,0.5962598128019324,network,"degraded, test interval",A,37,0.1569104770531401
6.004789387601887,4.0,15.0,30.0,0.02305542149292149,0.0015075117573152897,-0.0006498347318250547,0.39360696617463703,3.245410628019324,0.5979535695115406,geometric,"stationary, training part",B,11,
6.767507164782672,1.899999976158142,18.799999237060547,60.599998474121094,0.0736204954954955,0.8865710595347984,0.0744852099554699,0.017995280805480702,26.13228663446055,0.40147946859903383,network,"nominal, training part",B,11,0.10974702380952381
13.36526841912854,3.5970890522003174,40.20000076293945,122.4000015258789,0.15644103925353925,0.927996845992233,0.07774050189422418,0.01262920806016973,71.31036634460547,0.4800053676865271,network,"level 2, training part",B,11,0.1425286894036894
28.14103011596488,4.900000095367432,84.5999984741211,327.63300811767743,0.23650994744744744,0.9562884795149119,0.06531479610193398,0.009026129858290096,243.03393719806763,0.528858024691358,network,"level 4, training part",B,11,0.15533502252252251
23.880844192958392,16.0,56.0,114.0,0.3549382716049383,-0.0011966847030262134,0.0007512096362845611,0.4704596124163951,6.181927297668039,0.8649834247828077,geometric,"shifted, test interval",B,11,
20.41860405947531,6.597088813781738,49.900001525878906,239.21699798583967,0.2213791723822588,0.9256819662364966,0.2729264878141255,0.016963928428514262,16.597993827160494,0.5971507773205303,network,"degraded, test interval",B,11,0.1556641518061271
6.011402027027027,4.0,15.0,30.0,0.02273367117117117,0.001563735423464231,0.0002004364300085941,0.39502808725147137,3.2439210950080515,0.6005300590445518,geometric,"stationary, training part",B,23,
6.7389954085249695,1.899999976158142,17.899999618530273,68.4000015258789,0.06608617546117546,0.8858012114165379,0.06429065305109383,0.018005335907439433,5.992592592592593,0.4000805152979066,network,"nominal, training part",B,23,0.1158435220935221
13.399723345240805,3.5970890522003174,37.5,146.6999969482422,0.15179912054912054,0.9316551265673746,0.0659547324790852,0.012666076767351755,11.353079710144927,0.48186728395061723,network,"level 2, training part",B,23,0.1451194498069498
23.441122734120288,4.900000095367432,68.30000305175781,253.8000030517578,0.23239757614757614,0.9561910430180881,0.06584243998837919,0.009160197884406548,19.725221417069243,0.5298946591519056,network,"level 4, training part",B,23,0.15910218253968253
23.957233081847278,16.0,56.0,117.0,0.35428097850937357,-0.003807146223450688,0.0023741652157532192,0.4687875150060024,6.188100137174211,0.8655692729766804,geometric,"shifted, test interval",B,23,
23.076889537519058,7.099999904632568,71.9000015258789,186.0,0.2552154778235025,0.9310185657408724,0.3541989578514668,0.01640656262505002,19.52409122085048,0.608510516689529,network,"degraded, test interval",B,23,0.16425182898948332
6.009551962676962,4.0,14.0,30.0,0.022602960102960104,-0.0015334709102129065,-0.0008615061229291608,0.39454544235745215,3.25444847020934,0.5997517444981213,geometric,"stationary, training part",B,37,
5.88763188099503,1.7999999523162842,16.5,49.400001525878906,0.05691629129129129,0.8884922991728237,0.07578033302671695,0.017093673329847566,5.444283413848631,0.3907910628019324,network,"nominal, training part",B,37,0.11484475546975546
12.877113419569922,3.5970890522003174,38.29999923706055,124.30000305175781,0.15156115937365938,0.9321171703177566,0.059403173709218146,0.01237112710989556,30.98900966183575,0.48002885131508327,network,"level 2, training part",B,37,0.14382909695409696
24.70790660547435,4.597088813781738,69.19999694824219,322.0,0.2204961658086658,0.9537784905106969,0.05942408400713407,0.009059646864819209,181.41366747181965,0.5200617283950617,network,"level 4, training part",B,37,0.15671586765336765
24.052140489254686,16.0,57.0,116.0,0.3568672839506173,0.00025520735679563077,-0.0005480278228526156,0.468944720745441,6.161265432098766,0.8637117055326933,geometric,"shifted, test interval",B,37,
30.454793170247687,9.597088813781738,100.69999694824219,199.8000030517578,0.3133859167809785,0.9308698184914571,0.2786171104845115,0.01796432858857829,23.843449931412895,0.6590363511659808,network,"degraded, test interval",B,37,0.16666666666666666
