fold,part,series,rho1,rho6,rho24,tau_int_h,Q24,p_median,share_sig,band95,rho1_min,rho1_max,rho24_min,rho24_max,tau_int_h_min,tau_int_h_max
A,training,"geometric, stationary",0.0011958312452380472,5.8419627308123365e-05,-0.0012960513390404104,1.0087687834141,20.563803461841903,0.6622088054183153,0.0,0.015445045442256333,-0.001189187710395921,0.0029786544518158654,-0.0020794213785093807,-0.0001577493296610387,0.9663686785787542,1.0584430152785953
A,training,"network, nominal",0.8862086225343092,0.5087027814772848,0.24525309541937013,27.249785587906675,53102.34157419301,0.0,1.0,0.015445045442256333,0.8826361488040303,0.8916508063296001,0.230948724373235,0.26503177962116325,26.522879440051803,28.14747870755694
A,training,"network, level 2",0.9295056770941179,0.6760836452036286,0.3721317917273222,40.47412269431057,93040.39066532579,0.0,1.0,0.015445045442256333,0.9264026539152423,0.931618647567308,0.345280859632475,0.3859181108791206,38.590577647369656,41.83580197451474
A,training,"network, level 4",0.9548922726900111,0.7995980094966546,0.5418732214699209,55.31921340181555,168766.20671170964,0.0,1.0,0.015445045442256333,0.9523324004066049,0.9562650003399132,0.5079510369966785,0.568232331412141,53.45055740050956,57.06479027116914
A,test,"geometric, shifted ×4",-0.0026837586512099983,0.001624383331414605,-0.00035568390489576176,0.9462143629484118,24.152151270564858,0.45382739456162624,0.05555555555555555,0.029494534006013453,-0.004814921575981654,-0.001352476826422593,-0.0008669276416848146,0.00020695738790347626,0.908805304302377,0.9756637995532148
A,test,"network, degraded",0.9271489943447179,0.7155314816168875,0.4847692714444271,49.30941915870945,59377.91970047835,0.0,1.0,0.029494534006013453,0.9196480645198225,0.9401140246983907,0.4018545461508933,0.6142330175516347,42.25516742107172,60.38684786096947
B,training,"geometric, stationary",0.0005126220075276787,0.0001820797940831831,-0.0021134348530996764,0.9997992868610046,21.49474659202039,0.6084337838632079,0.0,0.012429984091080102,-0.0015333281351657402,0.0015637084671199215,-0.0025591325035382202,-0.0015245302414483403,0.9657248560505829,1.0416991327209604
B,training,"network, nominal",0.886789243788189,0.5102724027492601,0.24960175905771376,27.56407522736576,81908.41279658058,0.0,1.0,0.012429984091080102,0.8857719622586656,0.8884429451771926,0.2247817078793932,0.26348328685623595,25.766662212890076,29.028796331934245
B,training,"network, level 2",0.9305770303608272,0.6814956131745343,0.37892879271359137,41.20446676095737,142730.17101685735,0.0,1.0,0.012429984091080102,0.9279838096895329,0.932101113815396,0.3698641565451477,0.3841690800064257,40.48341351020456,41.90938891426349
B,training,"network, level 4",0.9553880901171886,0.8021047725318109,0.5514725544130868,56.040672603350515,261124.26865492258,0.0,1.0,0.012429984091080102,0.953737162622204,0.9562694511547201,0.5472359191560165,0.5554066811313589,55.77205555301113,56.362052268848444
B,test,"geometric, shifted ×4",-0.0015814464289784869,-0.002279914319864755,0.0021071927092586418,1.0133768874471931,24.963952108447785,0.41588279716275695,0.05555555555555555,0.025665357243067278,-0.003802318543347248,0.0002549618709497385,-0.0011136813181003423,0.005541844836671024,0.9948498094867654,1.0298349122755723
B,test,"network, degraded",0.9291167898667941,0.7140309578408456,0.48750449785184796,49.198382638070655,72342.13004433163,0.0,1.0,0.025665357243067278,0.9256346087423571,0.9309605132566836,0.43203700847284976,0.5257295352688869,43.83728178548163,53.043472466463086
