fold,seed,series,part,n,Q24,p_median,share_sig,rho1,rho6,rho24,tau_int_h,band95
A,11,"geometric, stationary",training,16104,20.490335874442714,0.6682277725346316,0.0,0.001798026994294197,-0.0019488339321932933,-0.0001577493296610387,1.0014946563849507,0.015445045442256333
A,11,"network, nominal",training,16104,52121.94693257934,0.0,1.0,0.8826361488040303,0.4955652324831861,0.23977878226371216,27.078998616111292,0.015445045442256333
A,11,"network, level 2",training,16104,86118.9439201642,0.0,1.0,0.9264026539152423,0.659837407992084,0.345280859632475,38.590577647369656,0.015445045442256333
A,11,"network, level 4",training,16104,168563.61776471252,0.0,1.0,0.9523324004066049,0.7874759331569257,0.5079510369966785,53.45055740050956,0.015445045442256333
A,11,"geometric, shifted ×4",test,4416,25.028415216515064,0.4048965404830861,0.08333333333333333,-0.004814921575981654,-0.000451139680912594,-0.00040708146090594693,0.908805304302377,0.029494534006013453
A,11,"network, degraded",test,4416,54717.20104556973,0.0,1.0,0.9196480645198225,0.6988308460855407,0.43822025063075315,45.286242194087166,0.029494534006013453
A,23,"geometric, stationary",training,16104,18.89848644928377,0.757092574095112,0.0,0.0029786544518158654,-0.0010245142325959755,-0.0016509833089508117,0.9663686785787542,0.015445045442256333
A,23,"network, nominal",training,16104,49714.85151696182,0.0,1.0,0.884338912469297,0.5029928557187079,0.26503177962116325,28.14747870755694,0.015445045442256333
A,23,"network, level 2",training,16104,93709.23825502247,0.0,1.0,0.9304957297998033,0.6865087390053167,0.3851964046703711,41.83580197451474,0.015445045442256333
A,23,"network, level 4",training,16104,171546.16883161786,0.0,1.0,0.9562650003399132,0.8023833899779108,0.549436296000943,55.442292533767976,0.015445045442256333
A,23,"geometric, shifted ×4",test,4416,24.08659614203467,0.45665501036513634,0.08333333333333333,-0.0018838775512257484,0.0009963507168239067,-0.0008669276416848146,0.9541739849896433,0.029494534006013453
A,23,"network, degraded",test,4416,40993.376924867145,0.0,1.0,0.9216848938159404,0.6787556885247992,0.4018545461508933,42.25516742107172,0.029494534006013453
A,37,"geometric, stationary",training,16104,22.302588061799234,0.5613060696252022,0.0,-0.001189187710395921,0.003148607046713639,-0.0020794213785093807,1.0584430152785953,0.015445045442256333
A,37,"network, nominal",training,16104,57470.226273037864,0.0,1.0,0.8916508063296001,0.5275502562299602,0.230948724373235,26.522879440051803,0.015445045442256333
A,37,"network, level 2",training,16104,99292.98982079067,0.0,1.0,0.931618647567308,0.6819047886134851,0.3859181108791206,40.99598846104733,0.015445045442256333
A,37,"network, level 4",training,16104,166188.83353879853,0.0,1.0,0.9560794173235151,0.8089347053551276,0.568232331412141,57.06479027116914,0.015445045442256333
A,37,"geometric, shifted ×4",test,4416,23.341442453144843,0.49993063283665634,0.0,-0.001352476826422593,0.004327938958332503,0.00020695738790347626,0.9756637995532148,0.029494534006013453
A,37,"network, degraded",test,4416,82423.18113099817,0.0,1.0,0.9401140246983907,0.7690079102403226,0.6142330175516347,60.38684786096947,0.029494534006013453
B,11,"geometric, stationary",training,24864,21.306741995768764,0.6205631552795352,0.0,0.0015074856906288547,-0.0009769673983712663,-0.0015245302414483403,0.9919738718114707,0.012429984091080103
B,11,"network, nominal",training,24864,81238.20083470957,0.0,1.0,0.8861528239287088,0.5089405720782149,0.26348328685623595,29.028796331934245,0.012429984091080103
B,11,"network, level 2",training,24864,136833.01614600158,0.0,1.0,0.9279838096895329,0.6762970128185956,0.3698641565451477,40.48341351020456,0.012429984091080103
B,11,"network, level 4",training,24864,272398.50103442394,0.0,1.0,0.9562694511547201,0.8029914901349525,0.5472359191560165,56.362052268848444,0.012429984091080103
B,11,"geometric, shifted ×4",test,5832,21.723317023449276,0.5952689777657634,0.08333333333333333,-0.0011969826145379512,-0.006119357762981329,0.001893414609205244,1.0154459405792415,0.025665357243067278
B,11,"network, degraded",test,5832,62244.2839031686,0.0,1.0,0.9256346087423571,0.698167329106297,0.43203700847284976,43.83728178548163,0.025665357243067278
B,23,"geometric, stationary",training,24864,19.67714532181968,0.7142259581169002,0.0,0.0015637084671199215,-0.0013361211419156947,-0.0025591325035382202,0.9657248560505829,0.012429984091080103
B,23,"network, nominal",training,24864,81212.18245255384,0.0,1.0,0.8857719622586656,0.504374167046822,0.2605402824375121,27.896767137272953,0.012429984091080103
B,23,"network, level 2",training,24864,145533.80491446744,0.0,1.0,0.9316461675775529,0.6881772283101236,0.3841690800064257,41.90938891426349,0.012429984091080103
B,23,"network, level 4",training,24864,266319.5205122846,0.0,1.0,0.956157656574642,0.804495016184524,0.5554066811313589,55.98790998819196,0.012429984091080103
B,23,"geometric, shifted ×4",test,5832,26.214338071628262,0.3437560159559063,0.08333333333333333,-0.003802318543347248,-0.0011142765153228536,0.005541844836671024,1.0298349122755723,0.025665357243067278
B,23,"network, degraded",test,5832,81009.40327111253,0.0,1.0,0.9309605132566836,0.7188740981469605,0.5257295352688869,53.043472466463086,0.025665357243067278
B,37,"geometric, stationary",training,24864,23.500352458472726,0.49051223819318823,0.0,-0.0015333281351657402,0.0028593279225365103,-0.002256641814312468,1.0416991327209604,0.012429984091080103
B,37,"network, nominal",training,24864,83274.85510247835,0.0,1.0,0.8884429451771926,0.5175024691227433,0.2247817078793932,25.766662212890076,0.012429984091080103
B,37,"network, level 2",training,24864,145823.69199010296,0.0,1.0,0.932101113815396,0.680012598394884,0.3827531415892007,41.22059785840405,0.012429984091080103
B,37,"network, level 4",training,24864,244654.7844180592,0.0,1.0,0.953737162622204,0.798827811275956,0.551775062951885,55.77205555301113,0.012429984091080103
B,37,"geometric, shifted ×4",test,5832,26.954201230265824,0.308623397766601,0.0,0.0002549618709497385,0.0003938913187099182,-0.0011136813181003423,0.9948498094867654,0.025665357243067278
B,37,"network, degraded",test,5832,73772.70295871375,0.0,1.0,0.9307552476013418,0.7250514462692795,0.5047469498138072,50.71439366226724,0.025665357243067278
