delays,variant,runs,RMSE_pooled,RMSE_A,RMSE_B,att_entropy_rel,att_max
geometric,LOCF,6,0.543,0.509,0.5673,,
geometric,no_attention,6,0.5066,0.476,0.5285,,
geometric,spatial_pure,6,0.4088,0.387,0.4245,0.985,0.114
geometric,st_explicit,6,0.3749,0.3576,0.3875,0.833,0.214
geometric,spatial_context,6,0.3719,0.3535,0.3852,0.793,0.224
geometric,st_context,6,0.376,0.3536,0.3921,0.814,0.221
geometric,weights_noav,6,0.3278,0.3143,0.3377,0.985,0.114
geometric,proposed_noav_all,6,0.334,0.3214,0.3432,0.981,0.119
geometric,proposed_noav,6,0.2915,0.2797,0.3001,0.793,0.224
geometric,weights_av_explicit,6,0.2931,0.2825,0.3009,0.833,0.214
geometric,proposed,6,0.2941,0.2794,0.3047,0.814,0.221
network,LOCF,6,0.7968,0.7421,0.8346,,
network,no_attention,6,0.6927,0.6696,0.7091,,
network,spatial_pure,6,0.5568,0.5253,0.5788,0.982,0.113
network,st_explicit,6,0.4873,0.4625,0.5047,0.788,0.23
network,weights_noav,6,0.4608,0.4349,0.479,0.982,0.113
network,proposed_noav_all,6,0.4736,0.452,0.4888,0.976,0.121
network,proposed_noav,6,0.39,0.3712,0.4033,0.75,0.25
network,weights_av_explicit,6,0.3904,0.3717,0.4035,0.788,0.23
network,proposed,6,0.3894,0.3701,0.4029,0.761,0.245
