delays,fold,seed,method,RMSE,MAE,PM25_RMSE,n,lam,train_s,att_entropy,att_max
geometric,A,11,LOCF,0.5089101504732297,0.2506125577472203,0.5908235073003293,31722,,,,
geometric,A,23,LOCF,0.5014747444705526,0.25544400475682194,0.5717244683930535,31718,,,,
geometric,A,37,LOCF,0.516624624776866,0.2559926001597335,0.6007941326703546,31728,,,,
geometric,A,11,no_attention,0.4645782755914523,0.2584629536035913,0.5446503382792873,31722,0.995,4.6,,
geometric,A,23,no_attention,0.47160629651713526,0.2653748143068747,0.5501731074674783,31718,0.995,4.6,,
geometric,A,37,no_attention,0.4912872244667724,0.2699292575699929,0.5797563814602457,31728,0.995,4.6,,
geometric,A,11,spatial_context,0.3501132586208807,0.2124479132491299,0.36621496152994903,31722,0.995,14.7,1.9758639478713342,0.22933902281080845
geometric,A,23,spatial_context,0.35572148292703876,0.217743541503435,0.370058676573487,31718,0.995,14.7,1.9714404940324814,0.22746603819359595
geometric,A,37,spatial_context,0.35472785656518036,0.21518306434117948,0.3708610098899692,31728,0.995,14.7,1.9730220859768497,0.22890242991055043
geometric,A,11,st_context,0.3504219508510025,0.21259149827871038,0.36652703674828346,31722,0.995,16.0,1.9679563861845104,0.22809652106343475
geometric,A,23,st_context,0.35555183526332146,0.21770485982521182,0.36983653480692275,31718,0.995,16.0,1.9629724145097804,0.22629564564491883
geometric,A,37,st_context,0.3547628948598457,0.21536452311144363,0.3709553592372706,31728,0.995,16.0,1.9649755776939317,0.22768863269226064
geometric,A,11,proposed,0.2766104191234544,0.1589513897921045,0.2852927704077116,31722,0.999,15.9,1.9679563861845104,0.22809652106343475
geometric,A,23,proposed,0.2815609073309452,0.1625138547451676,0.2864085917523487,31718,0.999,15.9,1.9629724145097804,0.22629564564491883
geometric,A,37,proposed,0.28015102862284014,0.1614564216727579,0.28571448962194984,31728,0.999,15.9,1.9649755776939317,0.22768863269226064
geometric,B,11,LOCF,0.5713881670602253,0.2964898217947919,0.6275702845760405,42042,,,,
geometric,B,23,LOCF,0.57487738614282,0.29782287271631624,0.6313542862459098,42044,,,,
geometric,B,37,LOCF,0.555355850699076,0.28769033878060296,0.6057759199548244,42038,,,,
geometric,B,11,no_attention,0.5324004536579053,0.3079256125169671,0.592710987633733,42042,0.995,4.9,,
geometric,B,23,no_attention,0.5341278811573116,0.3086251804709728,0.5946640694150073,42044,0.995,4.9,,
geometric,B,37,no_attention,0.5188909012840934,0.298391772393961,0.5742581714976547,42038,0.995,4.9,,
geometric,B,11,spatial_context,0.38033671087748133,0.23815810368241275,0.37483176512583766,42042,0.995,20.8,1.9630289348595509,0.2215791371698929
geometric,B,23,spatial_context,0.3899776838641827,0.2433659418425571,0.390859528313234,42044,0.995,20.8,1.9660436078216943,0.21913321609743494
geometric,B,37,spatial_context,0.38535528359078114,0.23697474341954572,0.3807253157742893,42038,0.995,20.8,1.9745640771448214,0.218396030002753
geometric,B,11,st_context,0.38795446990960064,0.24250656181719354,0.382781297001935,42042,0.995,14.5,2.078935094454328,0.21575292468924423
geometric,B,23,st_context,0.398596969746227,0.24726698321707644,0.3991943271522924,42044,0.995,14.5,2.078883077833674,0.21300355148752598
geometric,B,37,st_context,0.3895163992432312,0.23970441205499576,0.384447256245022,42038,0.995,14.5,2.0853532500221474,0.21306954539326914
geometric,B,11,proposed,0.29950531481810494,0.17817760796060403,0.29056797252948613,42042,0.999,14.8,2.078935094454328,0.21575292468924423
geometric,B,23,proposed,0.3100797296190761,0.18100564465999622,0.30834281308878114,42044,0.999,14.8,2.078883077833674,0.21300355148752598
geometric,B,37,proposed,0.30445296310720205,0.17769901792478138,0.29981655600414003,42038,0.999,14.8,2.0853532500221474,0.21306954539326914
