fold,seed,method,partial_target_input,train_s,best_val_rmse,best_epoch,RMSE,MAE,PM25_RMSE,PM25_MAE,n,inference_s,delays,wall_s
A,11,OfficialAGG-core,True,1127.0552825000195,0.3408050467622542,16,0.3404863475112161,0.2222659185159538,0.3591475458096442,0.207659443059154,31722.0,59.44208749997779,geometric,1308.1
A,23,OfficialAGG-core,True,1127.0552825000195,0.3408050467622542,16,0.3348519244215249,0.2203105967645725,0.3525248318274467,0.2047636019477026,31718.0,59.01494500000263,geometric,1308.1
A,37,OfficialAGG-core,True,1127.0552825000195,0.3408050467622542,16,0.3302193789194004,0.2172489239600831,0.3449976770602294,0.2010575546589513,31728.0,58.73822379999911,geometric,1308.1
B,11,OfficialAGG-core,True,1114.786847100011,0.2924220971938297,16,0.352816709508278,0.2483794451565164,0.3618988471099819,0.2418441542344251,42042.0,77.47571600001538,geometric,1349.9
B,23,OfficialAGG-core,True,1114.786847100011,0.2924220971938297,16,0.3561595226180283,0.2531083388215592,0.3613575067880556,0.2431497022260088,42044.0,77.61210110000684,geometric,1349.9
B,37,OfficialAGG-core,True,1114.786847100011,0.2924220971938297,16,0.3479066312310314,0.2471039750618101,0.3521398007155364,0.2372549370058823,42038.0,75.60210150000057,geometric,1349.9
A,11,OfficialAGG-core,True,1264.9041967999947,0.3281088937106462,17,0.4528107711797516,0.29501245967485906,0.4580549037571052,0.2867649902504557,22209.0,39.0276016999851,network,1429.7
A,23,OfficialAGG-core,True,1264.9041967999947,0.3281088937106462,17,0.5597330481238216,0.3377563223827908,0.6392168307952212,0.3411447906763585,24065.0,61.79653249998228,network,1429.7
A,37,OfficialAGG-core,True,1264.9041967999947,0.3281088937106462,17,0.5012736147512836,0.33155401742279206,0.5305923003273293,0.3207315656481356,23491.0,60.00057819997892,network,1429.7
B,11,OfficialAGG-core,True,1200.8635507999861,0.33267501395091803,14,0.493074001814145,0.3192505330719981,0.5130613438536916,0.32387569475971667,30839.0,49.552799299999606,network,1362.6
B,23,OfficialAGG-core,True,1200.8635507999861,0.33267501395091803,14,0.49591416629573576,0.3259929157317381,0.5213757265485804,0.32457199042047213,31061.0,49.955870700010564,network,1362.6
B,37,OfficialAGG-core,True,1200.8635507999861,0.33267501395091803,14,0.4803979287444366,0.328523567471645,0.47190484539263144,0.3126863574377734,33153.0,54.18782590000774,network,1362.6
