delays,train,fold,seed,method,lam,beta,train_s,RMSE,MAE,PM25_RMSE,n,att_entropy,att_max
geometric,geometric,A,11,proposed_noav_all,0.999,"[0.6931471824645996, 0.6931471824645996, 0.6931471824645996]",20.0,0.3179009359921467,0.1788041999805261,0.3446276450807521,31722,2.4302972301510035,0.1211977876838362
geometric,geometric,A,23,proposed_noav_all,0.999,"[0.6931471824645996, 0.6931471824645996, 0.6931471824645996]",20.0,0.3231248268068026,0.1837471232062669,0.3515837491332975,31718,2.4341655664080637,0.1203883315075992
geometric,geometric,A,37,proposed_noav_all,0.999,"[0.6931471824645996, 0.6931471824645996, 0.6931471824645996]",20.0,0.3231739742105162,0.1847954709092287,0.3441780985912633,31728,2.430978677950141,0.1215786191668179
network,network,A,11,proposed_noav_all,0.995,"[0.6931471824645996, 0.6931471824645996, 0.6931471824645996]",14.5,0.3949839285854044,0.2391624969602643,0.4415829048865785,22209,2.4141760388670503,0.1268157692897956
network,network,A,23,proposed_noav_all,0.995,"[0.6931471824645996, 0.6931471824645996, 0.6931471824645996]",14.5,0.4948045401543182,0.2792266792982756,0.595668950190454,24065,2.4337860829687354,0.1173686981225932
network,network,A,37,proposed_noav_all,0.995,"[0.6931471824645996, 0.6931471824645996, 0.6931471824645996]",14.5,0.4565194831402405,0.2618167193342482,0.5130548807828967,23491,2.4304312753599158,0.1176093198934474
geometric,geometric,B,11,proposed_noav_all,0.999,"[0.6931471824645996, 0.6931471824645996, 0.6931471824645996]",26.8,0.3451492055224892,0.2051340433008072,0.3499403865145291,42042,2.446956824332343,0.1156750798321804
geometric,geometric,B,23,proposed_noav_all,0.999,"[0.6931471824645996, 0.6931471824645996, 0.6931471824645996]",26.8,0.3478382002209124,0.2041856435362687,0.3517496942853726,42044,2.443963033917525,0.1177085924878024
geometric,geometric,B,37,proposed_noav_all,0.999,"[0.6931471824645996, 0.6931471824645996, 0.6931471824645996]",26.8,0.3366479558383494,0.1989606854186104,0.3403023279322685,42038,2.440357324924304,0.1187924102927025
network,network,B,11,proposed_noav_all,0.995,"[0.6931471824645996, 0.6931471824645996, 0.6931471824645996]",21.4,0.4605951111113685,0.27947284669507,0.4941869057270367,30839,2.4309107122749167,0.1197814243153367
network,network,B,23,proposed_noav_all,0.995,"[0.6931471824645996, 0.6931471824645996, 0.6931471824645996]",21.4,0.4895821789530674,0.2900753537224374,0.5575485023352292,31061,2.423064569507807,0.1216137408970451
network,network,B,37,proposed_noav_all,0.995,"[0.6931471824645996, 0.6931471824645996, 0.6931471824645996]",21.4,0.5130232841584226,0.3159422819391698,0.5702410047036414,33153,2.4203973763680384,0.1230450078936673
geometric,geometric,A,11,weights_noav,0.999,"[0.6931471824645996, 0.6931471824645996, 0.6931471824645996]",16.8,0.3083635855397365,0.1764750589069859,0.329149942142268,31722,2.4329295883506834,0.1197848413395575
geometric,geometric,A,23,weights_noav,0.999,"[0.6931471824645996, 0.6931471824645996, 0.6931471824645996]",16.8,0.3169655658394307,0.1811819288976537,0.3400348502901975,31718,2.4376357868229626,0.1186087839709404
geometric,geometric,A,37,weights_noav,0.999,"[0.6931471824645996, 0.6931471824645996, 0.6931471824645996]",16.8,0.3173442493742782,0.1818978202639116,0.3356663235282998,31728,2.432679105773309,0.1204788365058011
network,network,A,11,weights_noav,0.995,"[0.6931471824645996, 0.6931471824645996, 0.6931471824645996]",16.5,0.3850798803579219,0.2259997281314006,0.4289751644298875,22209,2.4337649549374976,0.1168369173370764
network,network,A,23,weights_noav,0.995,"[0.6931471824645996, 0.6931471824645996, 0.6931471824645996]",16.5,0.4777813343433377,0.2662691329979826,0.5794173348582173,24065,2.451051113969652,0.1082880123385007
network,network,A,37,weights_noav,0.995,"[0.6931471824645996, 0.6931471824645996, 0.6931471824645996]",16.5,0.4330669044434839,0.2474096206184689,0.4920814620139065,23491,2.4471037179259687,0.1091787695768091
geometric,geometric,A,11,weights_av_explicit,0.999,"[2.266188383102417, 2.426175832748413, 0.9413343667984009]",16.1,0.2784856750449798,0.1601017385929073,0.2878857400810558,31722,2.113254220334231,0.2137903102853607
geometric,geometric,A,23,weights_av_explicit,0.999,"[2.266188383102417, 2.426175832748413, 0.9413343667984009]",16.1,0.2840212332471094,0.16367391602587,0.2898641871452185,31718,2.111009427733659,0.2125633932978929
geometric,geometric,A,37,weights_av_explicit,0.999,"[2.266188383102417, 2.426175832748413, 0.9413343667984009]",16.1,0.2848979292626303,0.1637210106807225,0.2923640963597478,31728,2.110703517092856,0.2139169972172017
network,network,A,11,weights_av_explicit,0.999,"[2.1073949337005615, 1.5952718257904053, 0.8092222213745117]",16.9,0.3311721163083009,0.1846187951333676,0.3385908806090303,22209,2.006240797780959,0.2163819338625576
network,network,A,23,weights_av_explicit,0.999,"[2.1073949337005615, 1.5952718257904053, 0.8092222213745117]",16.9,0.4203249785920475,0.218830092164763,0.5072065785488936,24065,1.9199327145067688,0.2340572710452621
network,network,A,37,weights_av_explicit,0.999,"[2.1073949337005615, 1.5952718257904053, 0.8092222213745117]",16.9,0.35445062835045,0.2021347452915586,0.3722383552682408,23491,1.9642200328561263,0.2306412563067628
geometric,geometric,B,11,weights_noav,0.999,"[0.6931471824645996, 0.6931471824645996, 0.6931471824645996]",21.6,0.3378725293082755,0.2023411516924958,0.340562718220487,42042,2.461715064212203,0.1072937521713862
geometric,geometric,B,23,weights_noav,0.999,"[0.6931471824645996, 0.6931471824645996, 0.6931471824645996]",21.6,0.3436231652690443,0.2028647642255702,0.3461091593271879,42044,2.4596246333425986,0.108827154438438
geometric,geometric,B,37,weights_noav,0.999,"[0.6931471824645996, 0.6931471824645996, 0.6931471824645996]",21.6,0.3315969577362961,0.1967925265221956,0.3323350832502644,42038,2.456768560166722,0.1098816439714974
network,network,B,11,weights_noav,0.999,"[0.6931471824645996, 0.6931471824645996, 0.6931471824645996]",13.0,0.4482290386539937,0.2619619647560706,0.4806418326410752,30839,2.4430914952108784,0.1125743461964521
network,network,B,23,weights_noav,0.999,"[0.6931471824645996, 0.6931471824645996, 0.6931471824645996]",13.0,0.4735932469232882,0.2729439518451664,0.5346507579775697,31061,2.4368744002995384,0.1140302714760706
network,network,B,37,weights_noav,0.999,"[0.6931471824645996, 0.6931471824645996, 0.6931471824645996]",13.0,0.5107680204785803,0.3047510445457571,0.5685261669441692,33153,2.4350059010164227,0.1155164381071342
geometric,geometric,B,11,weights_av_explicit,0.999,"[2.0428285598754883, 3.568183183670044, 0.7240566611289978]",30.1,0.293678582781253,0.1750062863612939,0.2823960737189592,42042,2.022592324367544,0.2161536899125663
geometric,geometric,B,23,weights_av_explicit,0.999,"[2.0428285598754883, 3.568183183670044, 0.7240566611289978]",30.1,0.3062966810157042,0.1782722494941432,0.3052437011472589,42044,2.0236976660132253,0.2132530734906911
geometric,geometric,B,37,weights_av_explicit,0.999,"[2.0428285598754883, 3.568183183670044, 0.7240566611289978]",30.1,0.302495888108647,0.175750240571812,0.2990856335640435,42038,2.0310754456998588,0.2130171107080411
network,network,B,11,weights_av_explicit,0.999,"[2.1801066398620605, 1.5450984239578247, 0.7309304475784302]",20.8,0.3918132968232745,0.2222050092617479,0.4074595182087667,30839,1.9776572412010416,0.2268816415961307
network,network,B,23,weights_av_explicit,0.999,"[2.1801066398620605, 1.5450984239578247, 0.7309304475784302]",20.8,0.40692740507301,0.225189014260979,0.4444782708722186,31061,1.9675602616447376,0.2284066390463369
network,network,B,37,weights_av_explicit,0.999,"[2.1801066398620605, 1.5450984239578247, 0.7309304475784302]",20.8,0.4109651865167829,0.239221129039603,0.4285067821957774,33153,1.9187649402535096,0.2409400259649126
geometric,geometric,A,11,spatial_pure,0.995,"[0.6931471824645996, 0.6931471824645996, 0.6931471824645996]",19.1,0.3805581496711673,0.2284790834638733,0.4090417449977072,31722,2.4329295883506834,0.1197848413395575
geometric,geometric,A,23,spatial_pure,0.995,"[0.6931471824645996, 0.6931471824645996, 0.6931471824645996]",19.1,0.390890083771355,0.2366939147356525,0.4227538936300559,31718,2.4376357868229626,0.1186087839709404
geometric,geometric,A,37,spatial_pure,0.995,"[0.6931471824645996, 0.6931471824645996, 0.6931471824645996]",19.1,0.3893952420758311,0.2333814304463729,0.4210013206425815,31728,2.432679105773309,0.1204788365058011
network,network,A,11,spatial_pure,0.99,"[0.6931471824645996, 0.6931471824645996, 0.6931471824645996]",17.0,0.4742038952899168,0.3085968773980788,0.5271014393348278,22209,2.4337649549374976,0.1168369173370764
network,network,A,23,spatial_pure,0.99,"[0.6931471824645996, 0.6931471824645996, 0.6931471824645996]",17.0,0.5649037843231479,0.3528379498540685,0.6667979595506688,24065,2.451051113969652,0.1082880123385007
network,network,A,37,spatial_pure,0.99,"[0.6931471824645996, 0.6931471824645996, 0.6931471824645996]",17.0,0.529088528149838,0.3305322575410024,0.5923504627103314,23491,2.4471037179259687,0.1091787695768091
geometric,geometric,A,11,st_explicit,0.995,"[2.266188383102417, 2.426175832748413, 0.9413343667984009]",14.9,0.353237118230326,0.2143681492195709,0.3699421557940044,31722,2.113254220334231,0.2137903102853607
geometric,geometric,A,23,st_explicit,0.995,"[2.266188383102417, 2.426175832748413, 0.9413343667984009]",14.9,0.3591644449426266,0.2197982971755219,0.3747290736172795,31718,2.111009427733659,0.2125633932978929
geometric,geometric,A,37,st_explicit,0.995,"[2.266188383102417, 2.426175832748413, 0.9413343667984009]",14.9,0.360215177979556,0.2179743409325926,0.3787323635301385,31728,2.110703517092856,0.2139169972172017
network,network,A,11,st_explicit,0.995,"[2.1073949337005615, 1.5952718257904053, 0.8092222213745117]",15.6,0.4218053265755205,0.2736560130192191,0.4453419531835487,22209,2.006240797780959,0.2163819338625576
network,network,A,23,st_explicit,0.995,"[2.1073949337005615, 1.5952718257904053, 0.8092222213745117]",15.6,0.500965082513525,0.3045348190771701,0.5851250263083844,24065,1.9199327145067688,0.2340572710452621
network,network,A,37,st_explicit,0.995,"[2.1073949337005615, 1.5952718257904053, 0.8092222213745117]",15.6,0.458244755528688,0.2908985989621159,0.4870188230118463,23491,1.9642200328561263,0.2306412563067628
geometric,geometric,B,11,spatial_pure,0.995,"[0.6931471824645996, 0.6931471824645996, 0.6931471824645996]",19.6,0.425013320514897,0.2647868559441896,0.4349503365152446,42042,2.461715064212203,0.1072937521713862
geometric,geometric,B,23,spatial_pure,0.995,"[0.6931471824645996, 0.6931471824645996, 0.6931471824645996]",19.6,0.428245210969299,0.2678655786433303,0.4400461038769702,42044,2.4596246333425986,0.108827154438438
geometric,geometric,B,37,spatial_pure,0.995,"[0.6931471824645996, 0.6931471824645996, 0.6931471824645996]",19.6,0.4202065568793314,0.2594653596224811,0.4293016677418769,42038,2.456768560166722,0.1098816439714974
network,network,B,11,spatial_pure,0.99,"[0.6931471824645996, 0.6931471824645996, 0.6931471824645996]",11.9,0.5489844835716967,0.3589700471240603,0.5891728207746786,30839,2.4430914952108784,0.1125743461964521
network,network,B,23,spatial_pure,0.99,"[0.6931471824645996, 0.6931471824645996, 0.6931471824645996]",11.9,0.5621525880652986,0.3635040729806891,0.6237774965597259,31061,2.4368744002995384,0.1140302714760706
network,network,B,37,spatial_pure,0.99,"[0.6931471824645996, 0.6931471824645996, 0.6931471824645996]",11.9,0.6198401221638735,0.4049728091965245,0.6743878953581396,33153,2.4350059010164227,0.1155164381071342
geometric,geometric,B,11,st_explicit,0.995,"[2.0428285598754883, 3.568183183670044, 0.7240566611289978]",24.9,0.3831618067702788,0.2401526246318043,0.3782673108323615,42042,2.022592324367544,0.2161536899125663
geometric,geometric,B,23,st_explicit,0.995,"[2.0428285598754883, 3.568183183670044, 0.7240566611289978]",24.9,0.3916408488754509,0.2446666106184483,0.3925644631272051,42044,2.0236976660132253,0.2132530734906911
geometric,geometric,B,37,st_explicit,0.995,"[2.0428285598754883, 3.568183183670044, 0.7240566611289978]",24.9,0.387685974322965,0.2388249672951785,0.3844704144629295,42038,2.0310754456998588,0.2130171107080411
network,network,B,11,st_explicit,0.995,"[2.1801066398620605, 1.5450984239578247, 0.7309304475784302]",17.6,0.4947675491973373,0.3205042640013897,0.5153954751807319,30839,1.9776572412010416,0.2268816415961307
network,network,B,23,st_explicit,0.995,"[2.1801066398620605, 1.5450984239578247, 0.7309304475784302]",17.6,0.4936774045901447,0.3163556599839207,0.5297766007236772,31061,1.9675602616447376,0.2284066390463369
network,network,B,37,st_explicit,0.995,"[2.1801066398620605, 1.5450984239578247, 0.7309304475784302]",17.6,0.5237141460680821,0.3399857864686225,0.5398674175021067,33153,1.9187649402535096,0.2409400259649126
