delays,train,fold,seed,method,RMSE,MAE,PM25_RMSE,n,lam,beta,train_s,att_entropy,att_max
network,network,A,11,LOCF,0.6806547748077919,0.3503038619216313,0.8481815287839362,22209,,,,,
network,network,A,23,LOCF,0.8228454070580857,0.42531461203769216,1.0248398399906216,24065,,,,,
network,network,A,37,LOCF,0.7097681432026246,0.3620737224893866,0.8495836926895769,23491,,,,,
network,network,A,11,no_attention,0.6260470392039827,0.37564078343190993,0.7697059559851532,22209,0.995,None,4.0,,
network,network,A,23,no_attention,0.723534772305014,0.4353260397753492,0.899039193006984,24065,0.995,None,4.0,,
network,network,A,37,no_attention,0.6517305830924233,0.385340048171991,0.7908435480989555,23491,0.995,None,4.0,,
network,network,A,11,proposed_noav,0.3238209201377059,0.18303781115456783,0.3214170385632129,22209,0.999,"[0.6931471824645996, 0.6931471824645996, 0.6931471824645996]",15.7,1.9965472409912375,0.21445306644999382
network,network,A,23,proposed_noav,0.41741198796746376,0.21632397264605793,0.499621345337766,24065,0.999,"[0.6931471824645996, 0.6931471824645996, 0.6931471824645996]",15.7,1.8654416553794844,0.24533091938378765
network,network,A,37,proposed_noav,0.3628297046032542,0.20349899564727292,0.38676887251894265,23491,0.999,"[0.6931471824645996, 0.6931471824645996, 0.6931471824645996]",15.7,1.9283847662969202,0.23566514679001643
network,network,A,11,proposed,0.3252850694970326,0.18185108198843092,0.32609086906601514,22209,0.999,"[1.4348042011260986, 1.0491795539855957, 0.6205615997314453]",19.3,1.9872434826422298,0.2161453422269569
network,network,A,23,proposed,0.4167879537947254,0.2157744765107873,0.49942758187557296,24065,0.999,"[1.4348042011260986, 1.0491795539855957, 0.6205615997314453]",19.3,1.8814249986546803,0.23983885618852158
network,network,A,37,proposed,0.3589995550754786,0.20241855285373977,0.38012888815583873,23491,0.999,"[1.4348042011260986, 1.0491795539855957, 0.6205615997314453]",19.3,1.9367041191092516,0.23369965601399384
network,geometric,A,11,proposed_noav,0.3414810204200267,0.19293099626520108,0.34057535515515663,22209,0.999,"[0.6931471824645996, 0.6931471824645996, 0.6931471824645996]",15.7,1.9386999138914898,0.22041870344853218
network,geometric,A,23,proposed_noav,0.44048160556929983,0.23679747078122396,0.5144421358512411,24065,0.999,"[0.6931471824645996, 0.6931471824645996, 0.6931471824645996]",15.7,1.8028258776186272,0.2516981150005378
network,geometric,A,37,proposed_noav,0.38417698135468664,0.21618568374771882,0.395937258242265,23491,0.999,"[0.6931471824645996, 0.6931471824645996, 0.6931471824645996]",15.7,1.8448248884151237,0.24753782340598252
network,geometric,A,11,proposed,0.34056353008143453,0.19228663244453495,0.3388777201226781,22209,0.999,"[1.1324893236160278, 1.4103291034698486, 0.8003917932510376]",17.5,1.901349054353427,0.2270732965063594
network,geometric,A,23,proposed,0.44087583019511406,0.2368774565525779,0.5142106901070416,24065,0.999,"[1.1324893236160278, 1.4103291034698486, 0.8003917932510376]",17.5,1.7884680158829636,0.2520989927838672
network,geometric,A,37,proposed,0.38455980203720636,0.2159001181468206,0.3963321598994238,23491,0.999,"[1.1324893236160278, 1.4103291034698486, 0.8003917932510376]",17.5,1.816003885938219,0.25146963299791114
geometric,geometric,A,11,proposed_noav,0.276744515023537,0.1591319570474995,0.285629890334144,31722,0.999,,,1.9758639478713342,0.22933902281080845
geometric,geometric,A,23,proposed_noav,0.2819258690207165,0.16267292618946874,0.28717625868151564,31718,0.999,,,1.9714404940324814,0.22746603819359595
geometric,geometric,A,37,proposed_noav,0.2805426525078914,0.16167188248703934,0.2863568545034036,31728,0.999,,,1.9730220859768497,0.22890242991055043
network,network,B,11,LOCF,0.7751326917393879,0.4247609123767183,0.8843587483368668,30839,,,,,
network,network,B,23,LOCF,0.7606845332220373,0.42231543004680466,0.8848122842212475,31061,,,,,
network,network,B,37,LOCF,0.9466678888826618,0.5142991180302992,1.1146968238144332,33153,,,,,
network,network,B,11,no_attention,0.6967424122519983,0.4358270538946163,0.800855131236766,30839,0.99,None,4.3,,
network,network,B,23,no_attention,0.6741332045543621,0.4219531494484743,0.7870760454438147,31061,0.99,None,4.3,,
network,network,B,37,no_attention,0.7512312929636847,0.4731157900939202,0.8777284378819487,33153,0.99,None,4.3,,
network,network,B,11,proposed_noav,0.402854548082179,0.2230703141841335,0.41918570731658356,30839,0.999,"[0.6931471824645996, 0.6931471824645996, 0.6931471824645996]",21.8,1.8373151898286808,0.25829421864937924
network,network,B,23,proposed_noav,0.4018537238524976,0.22228348897871486,0.4305392394399719,31061,0.999,"[0.6931471824645996, 0.6931471824645996, 0.6931471824645996]",21.8,1.819011017182097,0.2636462069222144
network,network,B,37,proposed_noav,0.4049439266564902,0.23496224342475966,0.40963891746673614,33153,0.999,"[0.6931471824645996, 0.6931471824645996, 0.6931471824645996]",21.8,1.7414999583705888,0.2838342226879987
network,network,B,11,proposed,0.40199891864418263,0.22379651415960441,0.42481692282552735,30839,0.999,"[2.346522331237793, 1.112627387046814, 0.5731616020202637]",36.1,1.863095654577743,0.2545535347926932
network,network,B,23,proposed,0.3996467053819068,0.2230211931256092,0.43500955226244636,31061,0.999,"[2.346522331237793, 1.112627387046814, 0.5731616020202637]",36.1,1.8613301919001697,0.2553848029381751
network,network,B,37,proposed,0.4067070096037219,0.23615420204858192,0.4160187888667824,33153,0.999,"[2.346522331237793, 1.112627387046814, 0.5731616020202637]",36.1,1.8108976723920653,0.2711715558853793
network,geometric,B,11,proposed_noav,0.41727392327333673,0.24018189514916746,0.4278124812019192,30839,0.999,"[0.6931471824645996, 0.6931471824645996, 0.6931471824645996]",21.1,1.8848085694898786,0.23239301906071366
network,geometric,B,23,proposed_noav,0.42044685756270794,0.23822248053643386,0.44596458305737496,31061,0.999,"[0.6931471824645996, 0.6931471824645996, 0.6931471824645996]",21.1,1.8539803004201347,0.23887867808307456
network,geometric,B,37,proposed_noav,0.4556680386713171,0.2638390843798874,0.4809646311318268,33153,0.999,"[0.6931471824645996, 0.6931471824645996, 0.6931471824645996]",21.1,1.7748225979152856,0.25651381748921187
network,geometric,B,11,proposed,0.4216525191387314,0.24680969135742872,0.4286868792199772,30839,0.999,"[1.1592183113098145, 1.2959387302398682, 0.8471673727035522]",14.4,1.9006016406370474,0.2389477566608979
network,geometric,B,23,proposed,0.42960506989980246,0.2464269280991203,0.4514567098823083,31061,0.999,"[1.1592183113098145, 1.2959387302398682, 0.8471673727035522]",14.4,1.8781907269866747,0.2427716700180124
network,geometric,B,37,proposed,0.4699877437654083,0.2736584175573212,0.49525381743539,33153,0.999,"[1.1592183113098145, 1.2959387302398682, 0.8471673727035522]",14.4,1.804024172165892,0.26087741492054656
geometric,geometric,B,11,proposed_noav,0.2933324356199323,0.17436888746684512,0.2826881178060792,42042,0.999,,,1.9630289348595509,0.2215791371698929
geometric,geometric,B,23,proposed_noav,0.30517413355808737,0.17751667860512593,0.3042427889148056,42044,0.999,,,1.9660436078216943,0.21913321609743494
geometric,geometric,B,37,proposed_noav,0.3016333960665937,0.1753987287480408,0.29810358088140054,42038,0.999,,,1.9745640771448214,0.218396030002753
