label,test,runs,n,RMSE,MAE,RMSE_A,RMSE_B
LOCF,geometric,6,221292,0.542995067904759,0.2768055516134458,0.5090415499726494,0.5672713205684196
LOCF,network,6,164818,0.7967581614360532,0.42342382769254977,0.7420677086567328,0.8346213994197231
Official AGG core,geometric,6,221292,0.3450611533964654,0.236805747017875,0.3352118754821097,0.3523107923583378
Official AGG core,network,6,164818,0.4974396906390227,0.3235759930085181,0.5078891289396196,0.4896283467141714
Proposed technique,geometric,6,221292,0.2941121957614492,0.1712254189582641,0.2794484998877929,0.30471005399343126
Proposed technique,network,6,164818,0.38935825338489255,0.2162658200109186,0.37013622910558075,0.4028832732596312
"Proposed technique, trained on geometric delays",network,6,164818,0.42138575584879256,0.23893560102671924,0.3921289609619113,0.44162743320984454
Sector recurrent ELM without attention,geometric,6,221292,0.5065831886550851,0.287610373062002,0.4759593590193419,0.5285173749437162
Sector recurrent ELM without attention,network,6,164818,0.6926638962953141,0.4253340985638715,0.6696033464258073,0.709112348851432
Technique without availability parameters,geometric,6,221292,0.2915137392934941,0.16948154051277176,0.27974621363226615,0.30008772782162924
Technique without availability parameters,network,6,164818,0.3900207861857621,0.2161452886393639,0.37122603934092624,0.403258339396102
"Technique without availability parameters, trained on geometric delays",network,6,164818,0.415616299632035,0.23428999638519712,0.39210379520049854,0.43206007253381534
spatial_context,geometric,6,221292,0.37193611722691217,0.22901711556055854,0.35352929346258233,0.38524341592253186
st_context,geometric,6,221292,0.37599141658678686,0.23114402612782353,0.3535860784682497,0.392050878914135
